NOMBRE,QUIROFANO,ESTANTERIA,LUGAR,NOTAS
ANEJOS OCULARES ,OFTALMOLOGIA , estanteria , A10->Q31-32,
ANILLOS CORNEALES	,OFTALMOLOGIA , estanteria , A1-->Q31-32,
CATARATAS 1	,OFTALMOLOGIA , estanteria , A2-->Q31-32,
CATARATAS 2	,OFTALMOLOGIA , estanteria , A2-->Q31-32,La caja tiene la tapa rota por que se cayo al suelo despues de salir disparada del tren no le dio a nadie pero la tapa quedo inservible
CATARATAS 3	,OFTALMOLOGIA , estanteria , A2-->Q31-32,
CATARATAS 4	,OFTALMOLOGIA , estanteria , A3-->Q31-32,
CATARATAS 5	,OFTALMOLOGIA , estanteria , A3-->Q31-32,
CATARATAS 6	,OFTALMOLOGIA , estanteria , A3-->Q31-32,
CATARATAS 7	,OFTALMOLOGIA , estanteria , A5-->Q31-32,
CATARATAS 8	,OFTALMOLOGIA , estanteria , A5-->Q31-32,
DACRIO EXTERNA 1	,OFTALMOLOGIA , estanteria , A4-->Q31-32,
DACRIO EXTERNA 2	,OFTALMOLOGIA , estanteria , A4-->Q31-32,
DACRIO LASER 1	,OFTALMOLOGIA , estanteria , A11->Q31-32,
DACRIO LASER 2	,OFTALMOLOGIA , estanteria , A11->Q31-32,
DALK	,OFTALMOLOGIA , estanteria , A1-->Q31-32,
DESPRENDIMIENTO DE RETINA 1	,OFTALMOLOGIA , estanteria , A6-->Q31-32,
DESPRENDIMIENTO DE RETINA 2	,OFTALMOLOGIA , estanteria , A6-->Q31-32,
DESPRENDIMIENTO DE RETINA 3	,OFTALMOLOGIA , estanteria , A6-->Q31-32,
ENUCLEACION	,OFTALMOLOGIA , estanteria , A8-->Q31-32,
EPNP	,OFTALMOLOGIA , estanteria , A11->Q31-32,
EXTRACCION DE CORNEA 1	,OFTALMOLOGIA , estanteria , A9-->Q31-32,
EXTRACCION DE CORNEA 2,OFTALMOLOGIA , estanteria , A9-->Q31-32,
FACO VITRECTOMIA 1	,OFTALMOLOGIA , estanteria , A5-->Q31-32,
FACO VITRECTOMIA 2	,OFTALMOLOGIA , estanteria , A5-->Q31-32,
GLAUCOMA 1	,OFTALMOLOGIA , estanteria , A8-->Q31-32,
GLAUCOMA 2	,OFTALMOLOGIA , estanteria , A8-->Q31-32,
ORBITA		,OFTALMOLOGIA , estanteria , A9-->Q31-32,
SET ESTABISMO 1	,OFTALMOLOGIA , estanteria , A1-->Q31-32,
SET ESTABISMO 2	,OFTALMOLOGIA , estanteria , A1-->Q31-32,
SET FRAGMENTACION NUCLEAR	,OFTALMOLOGIA , estanteria , A7-->Q31-32,
TRANSPLANTE DE CORNEA ,OFTALMOLOGIA , estanteria , A7-->Q31-32,
TRANSPLANTE DMECK	,OFTALMOLOGIA , estanteria , A7-->Q31-32,
TRAUMA OCULAR/PALPEBRAL	,OFTALMOLOGIA , estanteria , A10->Q31-32,
,,,,
,,,,
APENDICITIS 1	,CIRUGIA AMBULATORIA , estanteria , C1-->Q33-34,
APENDICITIS 2	,CIRUGIA AMBULATORIA , estanteria , C1-->Q33-34,
APENDICITIS 3	,CIRUGIA AMBULATORIA , estanteria , C1-->Q33-34,
APENDICITIS 4	,CIRUGIA AMBULATORIA , estanteria , C2-->Q33-34,
APENDICITIS 5	,CIRUGIA AMBULATORIA , estanteria , C2-->Q33-34,
BIOPSIA 1		,CIRUGIA AMBULATORIA , estanteria , C4-->Q33-34,
BIOPSIA 2		,CIRUGIA AMBULATORIA , estanteria , C4-->Q33-34,
CAMPANA EXTRACCION MEDULA	,CIRUGIA AMBULATORIA , estanteria , B3-->Q33-34,
CUELLO	,CIRUGIA AMBULATORIA , estanteria , B3-->Q33-34,
ELECTRODOS Y ESTIMULADORES 1	,CIRUGIA AMBULATORIA , estanteria , B4-->Q33-34,
ELECTRODOS Y ESTIMULADORES 2	,CIRUGIA AMBULATORIA , estanteria , B4-->Q33-34,
ELECTRODOS Y ESTIMULADORES 3	,CIRUGIA AMBULATORIA , estanteria , B4-->Q33-34,
FIMOSIS 1	,CIRUGIA AMBULATORIA , estanteria , B5-->Q33-34,
FIMOSIS 2	,CIRUGIA AMBULATORIA , estanteria , B5-->Q33-34,
HEMORROIDES 1	,CIRUGIA AMBULATORIA , estanteria , B2-->Q33-34,
HEMORROIDES 2	,CIRUGIA AMBULATORIA , estanteria , B2-->Q33-34,
HEMORROIDES 3	,CIRUGIA AMBULATORIA , estanteria , B2-->Q33-34,
LAPAROTOMIA 1	,CIRUGIA AMBULATORIA , estanteria , C2-->Q33-34,
LAPAROTOMIA 2	,CIRUGIA AMBULATORIA , estanteria , C3-->Q33-34,
LOCAL 1	,CIRUGIA AMBULATORIA , estanteria , B0-->Q33-34,
LOCAL 2	,CIRUGIA AMBULATORIA , estanteria , B0-->Q33-34,
LOCAL 3 ,CIRUGIA AMBULATORIA , estanteria , B0-->Q33-34,
LOCAL 4 ,CIRUGIA AMBULATORIA , estanteria , B0-->Q33-34,
LOCAL 5	,CIRUGIA AMBULATORIA , estanteria , C0-->Q33-34,
LOCAL 6	,CIRUGIA AMBULATORIA , estanteria , C0-->Q33-34,
MAMA 1			,CIRUGIA AMBULATORIA , estanteria , C3-->Q33-34,
MAMA 2			,CIRUGIA AMBULATORIA , estanteria , C3-->Q33-34,
MANO			,CIRUGIA AMBULATORIA , estanteria , C5-->Q33-34,
TRAQUEOSTOMIA	,CIRUGIA AMBULATORIA , estanteria , B4-->Q33-34,
VARICES 1	,CIRUGIA AMBULATORIA , estanteria , B1-->Q33-34,
VARICES 2 ,CIRUGIA AMBULATORIA , estanteria , B1-->Q33-34,
VASECTOMIA 1	,CIRUGIA AMBULATORIA , estanteria , B5-->Q33-34,
VASECTOMIA 2	,CIRUGIA AMBULATORIA , estanteria , C5-->Q33-34,
,,,,
,,,,

APTUS RADIO	,CIRUGIA PLASTICA , estanteria , D4-->Q1,
APTUS TORNILLOS CANULADOS	,CIRUGIA PLASTICA , estanteria , D4-->Q1,
CIRUGIA GENERAL 1	,CIRUGIA PLASTICA , estanteria , D5-->Q1,
CIRUGIA GENERAL 2	,CIRUGIA PLASTICA , estanteria , D5-->Q1,
CIRUGIA GENERAL 3	,CIRUGIA PLASTICA , estanteria , D5-->Q1,
CIRUGIA GENERAL 4	,CIRUGIA PLASTICA , estanteria , D5-->Q1,
CIRUGIA GENERAL 5	,CIRUGIA PLASTICA , estanteria , D5-->Q1,
CIRUGIA GENERAL 6	,CIRUGIA PLASTICA , estanteria , D5-->Q1,
CUELLO				,CIRUGIA PLASTICA , estanteria , D1-->Q1,
DERMATOMO ELECTRICO 1	,CIRUGIA PLASTICA , estanteria , D0-->Q1,
DERMATOMO ELECTRICO 2	,CIRUGIA PLASTICA , estanteria , D0-->Q1,
ENDOSCOPIA PLASTICA	,CIRUGIA PLASTICA , estanteria , D0-->Q1,
HIPOSPADIAS			,CIRUGIA PLASTICA , estanteria , D6-->Q1,
HUESO				,CIRUGIA PLASTICA , estanteria , D6-->Q1,
MALLADOR 2			,CIRUGIA PLASTICA , estanteria , D1-->Q1,
MALLADOR NUEVO 1	,CIRUGIA PLASTICA , estanteria , D1-->Q1,
MAMA 1				,CIRUGIA PLASTICA , estanteria , D3-->Q1,
MAMA 2				,CIRUGIA PLASTICA , estanteria , D3-->Q1,
MAMA 3				,CIRUGIA PLASTICA , estanteria , D3-->Q1,
MAMA 4				,CIRUGIA PLASTICA , estanteria , D4-->Q1,
MANO 1				,CIRUGIA PLASTICA , estanteria , D2-->Q1,
MANO 2				,CIRUGIA PLASTICA , estanteria , D2-->Q1,
MANO 3				,CIRUGIA PLASTICA , estanteria , D2-->Q1,
MOTOR AESCULAP PLASTICA	,CIRUGIA PLASTICA , estanteria , D4-->Q1,
PARPADOS			,CIRUGIA PLASTICA , estanteria , D1-->Q1,
REPARACION NERVIOSA	,CIRUGIA PLASTICA , estanteria , D0-->Q1,
RINOPLASTIA			,CIRUGIA PLASTICA , estanteria , D6-->Q1,
,,,,
,,,,
BLOQUEO WALTER LORENZ 						,CIRUGIA MAXILOFACIAL , estanteria , E4-->Q1,
COMPLEMENTO TORNILLOS Y PLACAS WALTER LORENZ,CIRUGIA MAXILOFACIAL , estanteria , E0-->Q1,
CORDALES 1		,CIRUGIA MAXILOFACIAL , estanteria , E0-->Q1,
CORDALES 2	,CIRUGIA MAXILOFACIAL , estanteria , E0-->Q1,
CORDALES 3	,CIRUGIA MAXILOFACIAL , estanteria , E0-->Q1,
CORDALES 4	,CIRUGIA MAXILOFACIAL , estanteria , E1-->Q1,
CUELLO			,CIRUGIA MAXILOFACIAL , estanteria , E1-->Q1,
FORCEPS Y BOTADORES 1	,CIRUGIA MAXILOFACIAL , estanteria , E1-->Q1,
FORCEPS Y BOTADORES 2	,CIRUGIA MAXILOFACIAL , estanteria , E2-->Q1,
FORCEPS Y BOTADORES 3	,CIRUGIA MAXILOFACIAL , estanteria , E2-->Q1,
FRACTURA 1		,CIRUGIA MAXILOFACIAL , estanteria , E2-->Q1,
FRACTURA 2	,CIRUGIA MAXILOFACIAL , estanteria , E2-->Q1,
FRACTURA ORBITOMALAR	,CIRUGIA MAXILOFACIAL , estanteria , E2-->Q1,
IMPLANTE LEIBINGER 		,CIRUGIA MAXILOFACIAL , estanteria , E3-->Q1,
MOTOR COMMED	,CIRUGIA MAXILOFACIAL , estanteria , E3-->Q1,
MOTOR ELAN-E	,CIRUGIA MAXILOFACIAL , estanteria , E3-->Q1,
MOTOR KAVO		,CIRUGIA MAXILOFACIAL , estanteria , E4-->Q1,
ORTOGNATICA		,CIRUGIA MAXILOFACIAL , estanteria , E4-->Q1,
OSTEOPLAC		,CIRUGIA MAXILOFACIAL , estanteria , E4-->Q1,
PAROTIDA		,CIRUGIA MAXILOFACIAL , estanteria , E4-->Q1,
PLACAS Y TORNILLOS DE MARTI 	,CIRUGIA MAXILOFACIAL , estanteria , E4-->Q1,
QUISTES Y SENOS 				,CIRUGIA MAXILOFACIAL , estanteria , E4-->Q1,
RINOPLASTIA MAXILO 				,CIRUGIA MAXILOFACIAL , estanteria , E5-->Q1,
SUBMAXILAR Y TRAQUEOSTOMIA		,CIRUGIA MAXILOFACIAL , estanteria , E5-->Q1,
TORNILLOS Y PLACAS WALTER LORENZ 1 (1.5-2MM),CIRUGIA MAXILOFACIAL , estanteria , E5-->Q1,
TORNILLOS Y PLACAS WALTER LORENZ 2 (2.3MM),CIRUGIA MAXILOFACIAL , estanteria , E5-->Q1,
,,,,
,,,,
ABREBOCAS 1	,CIRUGIA OTORRINO , estanteria , G3-->Q3,
ABRENOCAS 2	,CIRUGIA OTORRINO , estanteria , G4-->Q3,
AMIGDALAS 1	,CIRUGIA OTORRINO , estanteria , F2-->Q3,
AMIGDALAS 2	,CIRUGIA OTORRINO , estanteria , F2-->Q3,
AMIGDALAS 3	,CIRUGIA OTORRINO , estanteria , F2-->Q3,
COMPLEMENTO GANCHOS ,CIRUGIA OTORRINO , estanteria , F3-->Q3,
ENDOSCOPIA NASAL 1	,CIRUGIA OTORRINO , estanteria , F3-->Q3,
ENDOSCOPIA NASAL 2,CIRUGIA OTORRINO , estanteria , F3-->Q3,
ENDOSCOPIO OIDO 1A,CIRUGIA OTORRINO , estanteria , G1-->Q3,
ENDOSCOPIO OIDO 1B,CIRUGIA OTORRINO , estanteria , G1-->Q3,
ESTAPEDECTOMIA 	,CIRUGIA OTORRINO , estanteria , F5-->Q3,
GANCHOS	,CIRUGIA OTORRINO , estanteria , F0-->Q3,
GANCHOS 2	,CIRUGIA OTORRINO , estanteria , F0-->Q3,
HIPOFISIS	,CIRUGIA OTORRINO , estanteria , G0-->Q3,
HUESOS PROPIOS,CIRUGIA OTORRINO , estanteria , F1-->Q3,
LARINGE Y CUELLO 1,CIRUGIA OTORRINO , estanteria , F4-->Q3,
LARINGE Y CUELLO 2,CIRUGIA OTORRINO , estanteria , F4-->Q3,
LASER 1	,CIRUGIA OTORRINO , estanteria , G4-->Q3,
LASER 2 ,CIRUGIA OTORRINO , estanteria , G4-->Q3,
MIRINGOTOMIA,CIRUGIA OTORRINO , estanteria , F1-->Q3,
MOTOR NARIZ XISHAN	,CIRUGIA OTORRINO , estanteria , G5-->Q3,
MOTOR OIDOS MICROFRESAS	,CIRUGIA OTORRINO , estanteria , G1-->Q3,
MOTOR OIDOS STORZ ,CIRUGIA OTORRINO , estanteria , G2-->Q3,
MOTOR OIDOS XISHAN,CIRUGIA OTORRINO , estanteria , G0-->Q3,
OIDOS 1	,CIRUGIA OTORRINO , estanteria , G2-->Q3,
OIDOS 2 ,CIRUGIA OTORRINO , estanteria , G2-->Q3,
OPTICA	,CIRUGIA OTORRINO , estanteria , F1-->Q3,
PINZAS MICRO 1	,CIRUGIA OTORRINO , estanteria , F0-->Q3,
PINZAS MICRO 2,CIRUGIA OTORRINO , estanteria , F0-->Q3,
PINZAS MICRO VOZ	,CIRUGIA OTORRINO , estanteria , G5-->Q3,
RINOSEPTOPLASTIA,CIRUGIA OTORRINO , estanteria , G1-->Q3,
SENOS Y POLIPÒS	,CIRUGIA OTORRINO , estanteria , F4-->Q3,
SEPTOPLASTIA 1 ,CIRUGIA OTORRINO , estanteria , G3-->Q3,
SEPTOPLASTIA 2 ,CIRUGIA OTORRINO , estanteria , G3-->Q3,
SIALOENDOSCOPIO 1	,CIRUGIA OTORRINO , estanteria , G0-->Q3,
SIALOENDOSCOPIO 2 ,CIRUGIA OTORRINO , estanteria , G0-->Q3,
SIALOENDOSCOPIO 3 ,CIRUGIA OTORRINO , estanteria , G0-->Q3,
TRAQUEOSTOMIA 1 ,CIRUGIA OTORRINO , estanteria , F5-->Q3,
TRAQUEOSTOMIA 2 ,CIRUGIA OTORRINO , estanteria , F5-->Q3,
TRAQUEOSTOMIA MONTGOMERY	,CIRUGIA OTORRINO , estanteria , F1-->Q3,
,,,,
,,,,
,,,,
,,,,
,,,,
,,,,
CAJA VATS ,CIRUGIA TORACICA , estanteria , H4-->Q5,
CUCHILLETE FIBRA LASER DE TORAX	,CIRUGIA TORACICA , estanteria , H0-->Q5,
DEFORMIDADES TORACICAS	,CIRUGIA TORACICA , estanteria , H2-->Q5,
DRENAJE DE TORAX 2	,CIRUGIA TORACICA , estanteria , H1-->Q5,
DRENAJE TORAX 1	,CIRUGIA TORACICA , estanteria , H1-->Q5,
FINOCHETO ARTICULADO TRANSPLANTE PULMONAR	,CIRUGIA TORACICA , estanteria , H0-->Q5,
INSTRUMENTAL MEDIASTINOSCOPIA	,CIRUGIA TORACICA , estanteria , H2-->Q5,
MOTOR AESCULAP REINTERVENCIONES TORAX	,CIRUGIA TORACICA , estanteria , H1-->Q5,
PINZAS VATS ,CIRUGIA TORACICA , estanteria , H1-->Q5,
SIERRA ESTERNAL	,CIRUGIA TORACICA , estanteria , H4-->Q5,
TORACOTOMIA AXILAR	,CIRUGIA TORACICA , estanteria , H2-->Q5,
TORAX 1	,CIRUGIA TORACICA , estanteria , H3-->Q5,
TORAX 2 ,CIRUGIA TORACICA , estanteria , H3-->Q5,
TORAX 3 ,CIRUGIA TORACICA , estanteria , H3-->Q5,
TRAQUEOSTOMIA	,CIRUGIA TORACICA , estanteria , H1-->Q5,
VIDEOMEDIASTINOSCOPIO	,CIRUGIA TORACICA , estanteria , H4-->Q5,
,,,,
,,,,
,,,,
,,,,
,,,,
,,,,
ADENOCTOMIA 1 ,CIRUGIA UROLOGIA , estanteria , I5-->Q6,
ADENOCTOMIA 2 ,CIRUGIA UROLOGIA , estanteria , I5-->Q6,
ELEMENTO DE TRABAJO LASER STROZ ,CIRUGIA UROLOGIA , estanteria , I0-->Q6,
ENUCLEACION 1 ,CIRUGIA UROLOGIA , estanteria , I2-->Q6,
ENUCLEACION 2 ,CIRUGIA UROLOGIA , estanteria , I2-->Q6,
INCONTINECIA 2,CIRUGIA UROLOGIA , estanteria , I2-->Q6,
INCONTINENCIA 1	,CIRUGIA UROLOGIA , estanteria , I2-->Q6,
LAPAROTOMIA UROLOGICA 1 ,CIRUGIA UROLOGIA , estanteria , I3-->Q6,
LAPAROTOMIA UROLOGICA 2 ,CIRUGIA UROLOGIA , estanteria , I3-->Q6,
LUMBOTOMIA 1	,CIRUGIA UROLOGIA , estanteria , I4-->Q6,
LUMBOTOMIA 2,CIRUGIA UROLOGIA , estanteria , I4-->Q6,
PROSTACTECTOMIA ,CIRUGIA UROLOGIA , estanteria , I3-->Q6,
PROTESIS PENE	,CIRUGIA UROLOGIA , estanteria , I0-->Q6,
RESECTOR EXTRALARGO	,CIRUGIA UROLOGIA , estanteria , I5-->Q6,
TOT 1	,CIRUGIA UROLOGIA , estanteria , I0-->Q6,
TOT 2 ,CIRUGIA UROLOGIA , estanteria , I0-->Q6,
URETRA 1	,CIRUGIA UROLOGIA , estanteria , I1-->Q6,
URETRA 2,CIRUGIA UROLOGIA , estanteria , I1-->Q6,
VALVAS VAGINALES	,CIRUGIA UROLOGIA , estanteria , I1-->Q6,
,,,,
,,,,
,,,,
,,,,
,,,,
AMPUTACION 1	,CIRUGIA VASCULAR , estanteria , J2-->Q7,
AMPUTACION 2,CIRUGIA VASCULAR , estanteria , J2-->Q7,
AMPUTACION BATERIA	,CIRUGIA VASCULAR , estanteria , K2-->Q7,
AMPUTACION PEQUEÑA ,CIRUGIA VASCULAR , estanteria , J2-->Q7,
CAROTIDA 1	,CIRUGIA VASCULAR , estanteria , J4-->Q7,
CAROTIDA 2,CIRUGIA VASCULAR , estanteria , J4-->Q7,
COSTILLA CERVICAL	,CIRUGIA VASCULAR , estanteria , J5-->Q7,
EMBOLIA 1	,CIRUGIA VASCULAR , estanteria , K4-->Q7,
EMBOLIA 2 ,CIRUGIA VASCULAR , estanteria , K4-->Q7,
EMBOLIA 3 ,CIRUGIA VASCULAR , estanteria , K4-->Q7,
FAV 1	,CIRUGIA VASCULAR , estanteria , K1-->Q7,
FAV 2 ,CIRUGIA VASCULAR , estanteria , K1-->Q7,
FAV 3 	,CIRUGIA VASCULAR , estanteria , K1-->Q7,
FAV 4 	,CIRUGIA VASCULAR , estanteria , K2-->Q7,
FAV 5 	,CIRUGIA VASCULAR , estanteria , K2-->Q7,
LAPAROTOMIA VASCULAR 1	,CIRUGIA VASCULAR , estanteria , K3-->Q7,
LAPAROTOMIA VASCULAR 2,CIRUGIA VASCULAR , estanteria , K3-->Q7,
MICROCIRUGIA DR. VOLO 1	,CIRUGIA VASCULAR , estanteria , J1-->Q7,
MICROCIRUGIA DR. VOLO 2 ,CIRUGIA VASCULAR , estanteria , J1-->Q7,
MOTOR 	,CIRUGIA VASCULAR , estanteria , K2-->Q7,
SEPARADOR DE MANHATAN 1 ,CIRUGIA VASCULAR , estanteria , J3-->Q7,
SEPARADOR DE MANHATAN 2 ,CIRUGIA VASCULAR , estanteria , J3-->Q7,
SEPARADOR DE MANHATAN 3 ,CIRUGIA VASCULAR , estanteria , J3-->Q7,
SIMPACTECTOMIA ,CIRUGIA VASCULAR , estanteria , J5-->Q7,
VARICES 1	,CIRUGIA VASCULAR , estanteria , J1-->Q7,
VARICES 2 ,CIRUGIA VASCULAR , estanteria , J1-->Q7,
,,,,
,,,,
,,,,
,,,,
,,,,
,,,,
ASISTOLIA CONTROLADA	,CIRUGIA CARDIACA , estanteria , L5-->Q8,
CALIPER			,CIRUGIA CARDIACA , estanteria , L0-->Q8,
CLAMP AORTA PROTEGIDO	,CIRUGIA CARDIACA , estanteria , L2-->Q8,
CLAMP FLEXIBLE	,CIRUGIA CARDIACA , estanteria , L2-->Q8,
CORONARIAS 1	,CIRUGIA CARDIACA , estanteria , L0-->Q8,
CORONARIAS 2 	,CIRUGIA CARDIACA , estanteria , L0-->Q8,
CORONARIAS 3 	,CIRUGIA CARDIACA , estanteria , L0-->Q8,
CORONARIAS 4,CIRUGIA CARDIACA , estanteria , L0-->Q8,
EXTRACORPOREA 1	,CIRUGIA CARDIACA , estanteria , L4-->Q8,
EXTRACORPOREA 2	,CIRUGIA CARDIACA , estanteria , L4-->Q8,
EXTRACORPOREA 3	,CIRUGIA CARDIACA , estanteria , L4-->Q8,
EXTRACORPOREA 4	,CIRUGIA CARDIACA , estanteria , L5-->Q8,
MOTOR AESCULAO REINTERVENCIONES	,CIRUGIA CARDIACA , estanteria , L1-->Q8,
MOTOR AESCULAP 1 	,CIRUGIA CARDIACA , estanteria , M1-->Q8,
MOTOR AESCULAP 2	,CIRUGIA CARDIACA , estanteria , M2-->Q8,
MOTOR AESCULAP 3 	,CIRUGIA CARDIACA , estanteria , M2-->Q8,
MOTOR AESCULAP 4	,CIRUGIA CARDIACA , estanteria , M2-->Q8,
MOTOR SOUTER ESTERNOTOMIA	,CIRUGIA CARDIACA , estanteria , L1-->Q8,
MOTOR SOUTER REINTERVENIDO	,CIRUGIA CARDIACA , estanteria , L1-->Q8,
NO EXTRACORPOREA	,CIRUGIA CARDIACA , estanteria , L3-->Q8,
RETRACTOR VALVULA COSGROVE	,CIRUGIA CARDIACA , estanteria , M4-->Q8,
SEPARADOR DE MAMARIA 1	,CIRUGIA CARDIACA , estanteria , M3-->Q8,
SEPARADOR DE MAMARIA 2 	,CIRUGIA CARDIACA , estanteria , M3-->Q8,
SEPARADOR DE MAMARIA 3	,CIRUGIA CARDIACA , estanteria , M3-->Q8,
SEPARADOR MEDTRONIC ,NEUROLOGIA, estanteria ,T2-→Q14,
SEPARADOR MITRAL HERCULES	,CIRUGIA CARDIACA , estanteria , M4-->Q8,
COMPLEMENTO MEDTRONIC,NEUROLOGIA,ESTANTERIA,T2-→Q14,
SET VALVULAR 1	,CIRUGIA CARDIACA , estanteria , L3-->Q8,
SET VALVULAR 2	,CIRUGIA CARDIACA , estanteria , L3-->Q8,
SIERRA CARDIACA 1	,CIRUGIA CARDIACA , estanteria , M1-->Q8,
SIERRA CARDIACA 3 	,CIRUGIA CARDIACA , estanteria , M1-->Q8,
STERNALOCK	,CIRUGIA CARDIACA , estanteria , L2-->Q8,
TORACO MITRAL	,CIRUGIA CARDIACA , estanteria , L5-->Q8,
,,,,
,,,,
,,,,
,,,,
,,,,
,,,,
BRONCOSCOPIO 1	,CIRUGIA TORACICA , Vitrina , N4-->Q5,
BRONCOSCOPIO 2	,CIRUGIA TORACICA , Vitrina , N5-->Q5,
BRONCOSCOPIO DE DUMON	,CIRUGIA TORACICA , Vitrina , N6-->Q5,
CITOSCOPIO PEDIATRICO	,CIRUGIA UROLOGIA , Vitrina , N2-->Q6,
ENDOSCOPIA STORZ	,CIRUGIA TORACICA , Vitrina , N7-->Q5,
ESOFAGOSCOPIO RIGIDO STORZ ,CIRUGIA TORACICA , Vitrina , N6-->Q5,
FIBRA COLEDOCO	,CIRUGIAGENERAL , Vitrina , N5-->Q11-12,
LAPAROSCOPIA STORZ 1	,CIRUGIA UROLOGIA , Vitrina , N4-->Q6,
LAPAROSCOPIA STROZ 2	,CIRUGIA UROLOGIA , Vitrina , N5-->Q6,
MEDIASTINOSCOPIO 1	,CIRUGIA TORACICA , Vitrina , N1-->Q5,
MEDIASTINOSCOPIO 2	,CIRUGIA TORACICA , Vitrina , N1-->Q5,
NEFROSCOPIO OLYMPUS	,CIRUGIA UROLOGIA , Vitrina , N6-->Q6,
NEFROSCOPIO WOLF	,CIRUGIA UROLOGIA , Vitrina , N6-->Q6,
SIMPACTECTOMIA VIDEOTORACOSCOPICA	,CIRUGIA TORACICA , Vitrina , N4-->Q5,
TORACOSCOPIO 2	,CIRUGIA TORACICA , Vitrina , N2-->Q5,
TORACOSCOPIO 3	,CIRUGIA TORACICA , Vitrina , N3-->Q5,
TORACOSCOPIO BIOPSIA PLEURAL	,CIRUGIA TORACICA , Vitrina , N2-->Q5,
TORACOSCOPIO EN BAYONETA	,CIRUGIA TORACICA , Vitrina , N3-->Q5,
TORACSCOPIO 1	,CIRUGIA TORACICA , Vitrina , N1-->Q5,
URETERRENOSCOPIO 1	,CIRUGIA UROLOGIA , Vitrina , N2-->Q6,
URETERRENOSCOPIO 2	,CIRUGIA UROLOGIA , Vitrina , N2-->Q6,
URETERRENOSCOPIO 3	,CIRUGIA UROLOGIA , Vitrina , N3-->Q6,
VIDEOMEDIASTINOSCOPIO 1	,CIRUGIA TORACICA , Vitrina , N1-->Q5,
,,,,
,,,,
,,,,
,,,,
,,,,
ANASTOMOSIS VENOSCOPLER 1 Y 2 		,CIRUGIA PLASTICA , QNO , QNO-->Q1,
BANDEJA TIJERAS Y CABLE HIPEC 		,CIRUGIA DIGESTIVA , QNO , QNO-->Q11-12,
CABLE CON MOTOR HARMONIC			,CIRUGIA MAXILOFACIAL , QNO , QNO-->Q1,
CABLE PINZA BIPOLAR,CIRUGIA DIGESTIVA , QNO , QNO-->Q11-12,
CAJA Dra. OSHANAHAN 1 y 2,OFTALMOLOGIA , QNO , QNO-->Q31-32,
CITOSCOPIO DE STROZ 1			,CIRUGIA UROLOGIA , QNO , QNO-->Q6,
CITOSCOPIO DE WOLF (URGENCIAS),CIRUGIA UROLOGIA , QNO , QNO-->Q6,
CITOSCOPIO DE WOLF 1 Y 2		,CIRUGIA UROLOGIA , QNO , QNO-->Q6,
COMPLEMENTO TRANSPLANTE CORNEA,OFTALMOLOGIA , QNO , QNO-->Q31-32,
DILATADORES INTESTINALES			,CIRUGIA DIGESTIVA , QNO , QNO-->Q11-12,
ECMO						,CIRUGIA VASCULAR , QNO , QNO-->Q7,
EXTRACCION CABEZA FEMORAL			,CIRUGIA TRAUMA , QNO , QNO-->Q9-10,
EXTRACCION PULMONAR					,CIRUGIA TORACICA , QNO , QNO-->Q5,
TORNILLOS SACROILIACOS,RQAUIS,estanteria,R5-->Q13,
EXTRACCION TORNILLOS ROTOS 			,CIRUGIA TRAUMA , QNO , QNO-->Q9-10,
HEMOLOCK URGENCIAS (LILA Y DOROADO) ,CIRUGIA NEUROCIRUGIA , QNO , QNO-->URGENCIAS,
LIPOFILING 1 2 y 3,CIRUGIA PLASTICA , QNO , QNO-->Q1,
MEDIDOR DE ANILLO MITRAL 1			,CIRUGIA VASCULAR , QNO , QNO-->Q7,
MENISCO 1 2 y 3,CIRUGIA TRAUMA , QNO , QNO-->Q9-10,
MICOCIRUGIA 1 2 3 4 y 5,CIRUGIA PLASTICA , QNO , QNO-->Q1,
MICROCIRUGIA Dr. MORERA    ,CIRUGIA NEUROCIRUGIA , QNO , QNO-->Q14,
MICROCIRUGIA INSTRUMENTAL (Dr. PRADA) ,CIRUGIA NEUROCIRUGIA , QNO , QNO-->Q14,
MICROCIRUGIA Y MATERIAL HIPOFISIS ,CIRUGIA NEUROCIRUGIA , QNO , QNO-→Q14,
MICRODISECTOMIA ANEURISMA 			,CIRUGIA NEUROCIRUGIA , QNO , QNO-->Q14,
MICRODISECTOMIA CASPAR				,CIRUGIA NEUROCIRUGIA , QNO , QNO-->Q14,
MICRODISECTOMIA TITANIO RHOTON 1 Y 2,CIRUGIA NEUROCIRUGIA , QNO , QNO-->Q14,
MIDAS REX 4 						,CIRUGIA NEUROCIRUGIA , QNO , QNO-->Q14,
MILOS (trocar),CIRUGIA AMBULATORIA , QNO , QNO-->Q33-34,
MOTOR AESCULAP TORAX				,CIRUGIA TORACICA , QNO , QNO-->Q5,
MOTOR ELAN-E,RAQUIS, estanteria ,S0-->Q13,
MOTOR HILAN 						,CIRUGIA NEUROCIRUGIA , QNO , QNO-->Q14,
MOTOR PROTEC TRAUMA 				,CIRUGIA TRAUMA , QNO , QNO-->Q9-10,
NEUROFORTIS 1A   ,CIRUGIA NEUROCIRUGIA ,ESTANTERIA,T0-→Q13,
NEUROFORTIS 1B,CIRUGIA NEUROCIRUGIA ,ESTANTERIA,T0-→Q14,
PINZAS VATS LASER					,CIRUGIA TORACICA , QNO , QNO-->Q5,
PORTACLIPS ANEURISMA				,CIRUGIA NEUROCIRUGIA , QNO , QNO-->Q14,
RESECTOR DE WOLF 22.5 				,CIRUGIA UROLOGIA , QNO , QNO-->Q6,
RTU OLYMPUS BIPOLAR 1 2 3 4 5 y 6,CIRUGIA UROLOGIA , QNO , QNO-->Q6,
RTU STORZ 1 2 3 y 4 ,CIRUGIA UROLOGIA , QNO , QNO-->Q6,
SEPARADOR CARPENTER ,CIRUGIA VASCULAR , CARRO DE EXTRACCIONES , QNO-->EXTRACCIONES,
SET DE NO CONTACTO (RESIGHT) 1 2 y 3,OFTALMOLOGIA , QNO , QNO-->Q31-32,
SET HEMORROIDES						,CIRUGIA AMBULATORIA , QNO , QNO-->Q33-34,
SET LAPAROSCOPIA 1 Y 2,CIRUGIA AMBULATORIA , QNO , QNO-->Q33-34,
TORNILLOS DE COTILO ,CIRUGIA TRAUMA , QNO , QNO-->Q9-10,
URETROTOMO STORZ					,CIRUGIA UROLOGIA , QNO , QNO-->Q6,
TORNILLOS DE COTILLO,TRAUMATOLOGIA,QNO,QNO-- >Q9-10,
ARTROSCOPIA MUÑECA ES,TRAUMATOLOGIA,QNO,QNO-- >Q9-10,
,,,,
ARTRODESIS CERVICAL 1,NEUROLOGIA, estanteria ,,
ARTRODESIS CERVICAL 2,NEUROLOGIA, estanteria ,,
ARTRODESIS CERVICAL 3,NEUROLOGIA, estanteria ,U1-→Q14,
AVIATOR 1A,NEUROLOGIA, estanteria ,T4-→Q14,
AVIATOR 1B,NEUROLOGIA, estanteria ,T4-→Q14,
CABEZAL SUGITA 1A,NEUROLOGIA, estanteria ,U5-→Q14,
CABEZAL SUGITA 1B,NEUROLOGIA, estanteria ,U5-→Q14,
CAVITRON CUSA,NEUROLOGIA, estanteria ,,
CESPACE,NEUROLOGIA, estanteria ,T1-→Q14,
BOOMERS HIPOFISIS TRANSFERIDA AL DISTRITO,NEUROLOGIA, estanteria ,,
COLUMNA 1,NEUROLOGIA, estanteria ,U3-→Q14,
COLUMNA 2,NEUROLOGIA, estanteria ,U3-→Q14,
COLUMNA 3,NEUROLOGIA, estanteria ,U3-→Q14,
CRANEO 1,NEUROLOGIA, estanteria ,U4-→Q14,
CRANEO 2,NEUROLOGIA, estanteria ,U4-→Q14,
CRANEO 3,NEUROLOGIA, estanteria ,U4-→Q14,
SEPARADOR MALCON-LINN,NEUROLOGIA,ESTANTERIA,T1-→Q14,
ESCOPLOS DE COLUMNA,NEUROLOGIA, estanteria ,U2-→Q14,
HIPOFISIS TRANSFENOIDAL,NEUROLOGIA, estanteria ,V5-→Q14,
NEURO NAVEGADOR MEDTRONIC 1,NEUROLOGIA, estanteria ,T2-→Q14,
NEURO NAVEGADOR MEDTRONIC 2,NEUROLOGIA,ESTANTERIA,T1-→Q14,
NEUROSYSTEM 1,NEUROLOGIA,ESTANTERIA,V0-→Q14,
NEUROSYSTEM 2,NEUROLOGIA,ESTANTERIA,V0-→Q14,
NEUROSYSTEM 3,NEUROLOGIA,ESTANTERIA,V0-→Q14,
PIC 1,NEUROLOGIA, estanteria ,V3-→Q14,
PIC 2,NEUROLOGIA, estanteria ,V3-→Q14,
PIC 3,NEUROLOGIA, estanteria ,V3-→Q14,
PLACAS TRINICA,NEUROLOGIA, estanteria ,U5-→Q14,
PLACAS CERVICAL COLONIAL,NEUROLOGIA, estanteria ,T4-→Q14,
POROS,NEUROLOGIA, estanteria ,V0-→Q14,
PORTA CLIPS ANEURISMA,NEUROLOGIA, estanteria ,,
RETRACTOR GREENBERG 1,NEUROLOGIA, estanteria ,U1-→Q14,
RETRACTOR GREENBERG 2,NEUROLOGIA, estanteria ,U1-→Q14,
DISTRACTOR CASPAR 1,NEUROLOGIA, estanteria ,V5-→Q14,
DISTRACTOR CASPAR 2,NEUROLOGIA, estanteria ,V5-→Q14,
SEPARADOR KOROS CERVICAL 1,NEUROLOGIA, estanteria ,V4-→Q14,
SEPARADOR KOROS CERVICAL 2,NEUROLOGIA, estanteria ,V14-→Q14,
SEPARADOR COROS LUMBAR,NEUROLOGIA, estanteria ,V0-→Q14,,
SEPARADOR MALCOLN LYNN,NEUROLOGIA, estanteria ,,
SEPARADOR MC CULLOCH 1 Y 2,NEUROLOGIA, estanteria ,V4-→Q14,
TRESLE CERVICAL ANTERIOR,NEUROLOGIA, estanteria ,T3-→Q14,
TRITANIUM,NEUROLOGIA, estanteria ,T3-→Q14,
U INTERESPINOSA 1 Y 2,NEUROLOGIA, estanteria ,U1-→Q14,,
VALVULA Y TREPANACION,NEUROLOGIA, estanteria ,V3-→Q14,
VU MESH,NEUROLOGIA, estanteria ,V5-→Q14,
XPAND  CAERVICAL,NEUROLOGIA, estanteria ,T3-→Q14,
MOTOR ELAINE E,NEUROLOGIA, estanteria ,V2-→Q14,
MOTOR CORAY,NEUROLOGIA, estanteria ,,
MOTOR ELAN E NUEVO,NEUROLOGIA, estanteria ,V2-→Q14,
MOTOR HILAN,NEUROLOGIA, estanteria ,,
MOTOR MIDAS REX 1 2 3,NEUROLOGIA, estanteria ,V1-→Q14,
MOTOR MIDAS MR8 1,NEUROLOGIA, estanteria,V1-→Q14,
MOTOR STRYKER CORE 2,NEUROLOGIA, estanteria ,V1-→Q14,
,,,,
,,,,
,,,,
,,,,
,,,,
ANOPERINEAL,CIRUGIA GENERAL DIGESTIVA, estanteria ,Q7-->Q11-12,
APENDICITIS 1,CIRUGIA GENERAL DIGESTIVA, estanteria ,Q3-->Q11-12,
APENDICITIS 2,CIRUGIA GENERAL DIGESTIVA, estanteria ,Q3-->Q11-12,
APENDICITIS 3,CIRUGIA GENERAL DIGESTIVA, estanteria ,Q2-->Q11-12,
APENDICITIS 4,CIRUGIA GENERAL DIGESTIVA, estanteria ,Q2-->Q11-12,
BIOPSIA 1,CIRUGIA GENERAL DIGESTIVA, estanteria ,P2-->Q11-12,
BIOPSIA 2,CIRUGIA GENERAL DIGESTIVA, estanteria ,P2-->Q11-12,
CAVITRON (PUNTA RECTA),CIRUGIA GENERAL DIGESTIVA, estanteria ,,
CAVITRON  CUSA,NEUROLOGIA, estanteria ,T2-→Q14,
CUELLO 1 2 Y 3,CIRUGIA GENERAL DIGESTIVA, estanteria ,P3-->Q11-12,
CURAS,CIRUGIA GENERAL DIGESTIVA, estanteria ,,
BISTURI GANCHO 1-14,CIRUGIA GENERAL DIGESTIVA, estanteria ,,
GEL POINT,CIRUGIA GENERAL DIGESTIVA, estanteria ,Q1-->Q11-12,
LAPAROSCOPIA DEL 1 AL 5,CIRUGIA GENERAL DIGESTIVA, estanteria ,,
LAPAROSCOPIA DEL 6 AL 9,CIRUGIA GENERAL DIGESTIVA, estanteria ,,
HIGADO PANCREAS,CIRUGIA GENERAL DIGESTIVA, estanteria ,Q2-->Q11-12,
LAPAROTOMIA HIGADO-PANCREAS,CIRUGIA GENERAL DIGESTIVA, estanteria ,Q4-->Q11-12,
LAPAROTOMIA 8,CIRUGIA GENERAL DIGESTIVA, estanteria ,Q5-->Q11-12,
LAPAROTOMIA 7,CIRUGIA GENERAL DIGESTIVA, estanteria ,Q5-->Q11-12,
LAPAROTOMIA 6,CIRUGIA GENERAL DIGESTIVA, estanteria ,Q5-->Q11-12,
LAPAROTOMIA 3,CIRUGIA GENERAL DIGESTIVA, estanteria ,P5-->Q11-12,
LAPAROTOMIA 4,CIRUGIA GENERAL DIGESTIVA, estanteria ,P5-->Q11-12,
LAPAROTOMIA 5,CIRUGIA GENERAL DIGESTIVA, estanteria ,P5-->Q11-12,
LAPAROTOMIA 1,CIRUGIA GENERAL DIGESTIVA, estanteria ,P6-->Q11-12,
LAPAROTOMIA 2,CIRUGIA GENERAL DIGESTIVA, estanteria ,P6-->Q11-12,
GANCHOS BISTURI,CIRUGIA GENERAL DIGESTIVA, estanteria ,P7-->Q11-12,
LAPAROSCOPIAS 1-5,CIRUGIA GENERAL DIGESTIVA, estanteria ,P7-->Q11-12,
LAPAROSCOPIAS 6-9,CIRUGIA GENERAL DIGESTIVA, estanteria ,P7-->Q11-12,
CAVITRON 1,CIRUGIA GENERAL DIGESTIVA, estanteria ,Q6-->Q11-12,
CAVITRON 2,CIRUGIA GENERAL DIGESTIVA, estanteria ,Q6-->Q11-12,
LAPAROTOMIA EXTRACCION,CIRUGIA GENERAL DIGESTIVA, estanteria ,P6-->Q11-12,
MAMA 1 2 Y 3,CIRUGIA GENERAL DIGESTIVA, estanteria ,P4-->Q11-12,
OBESIDAD MORBIDA,CIRUGIA GENERAL DIGESTIVA, estanteria ,Q1-->Q11-12,
MATERIAL LARGO,CIRUGIA GENERAL DIGESTIVA, estanteria ,Q1-->Q11-12,
RECTOS 1A,CIRUGIA GENERAL DIGESTIVA, estanteria ,Q4-->Q11-12,
RECTOS 1B,CIRUGIA GENERAL DIGESTIVA, estanteria ,Q4-->Q11-12,
RETRACTOR THOMSON 1,CIRUGIA GENERAL DIGESTIVA, estanteria ,Q6-->Q11-12,
RETRACTOR DE THOMSON 2A,CIRUGIA GENERAL DIGESTIVA, estanteria ,,
RETRACTOR DE THOMSON 2B,CIRUGIA GENERAL DIGESTIVA, estanteria ,,
RETRACTOR DE THOMSON 2C,CIRUGIA GENERAL DIGESTIVA, estanteria ,,
SEPARADOR BOOKWALTER,CIRUGIA GENERAL DIGESTIVA, estanteria ,Q3-->Q11-12,
SEPARADOR GARDAX,CIRUGIA GENERAL DIGESTIVA, estanteria ,Q7-->Q11-12,
TRAQUEOSTOMIA,CIRUGIA GENERAL DIGESTIVA, estanteria ,P2-->Q11-12,
VALVA DOYEN 1,CIRUGIA GENERAL DIGESTIVA, estanteria ,Q7-->Q11-12,
VALVA DOYEN 2,CIRUGIA GENERAL DIGESTIVA, estanteria ,Q7-->Q11-12,
VALVA DOYEN 3,CIRUGIA GENERAL DIGESTIVA, estanteria ,Q7-->Q11-12,
VIAS BILIARES 1,CIRUGIA GENERAL DIGESTIVA, estanteria ,P1-->Q11-12,
VIAS BILIARES 2,CIRUGIA GENERAL DIGESTIVA, estanteria ,P1-->Q11-12,
,,,,
,,,,
ABORDAJE ANTERIOR,RAQUIS, estanteria ,S1-->Q13,
CABLES DE SONGER(TITANIO),RAQUIS, estanteria ,S0-->Q13,
CIZALLA LATERAL HARRINTON,RAQUIS, estanteria ,R0-->Q13,
EXTRACCIOON CREO,RAQUIS,R5-->Q13,
CORAL 1B,RAQUIS, estanteria ,S4-->Q13,
CORAL 1A ,RAQUIS, estanteria ,S4-->Q13,
CORTABARRAS Y DOBLADORES,RAQUIS, estanteria ,,R5-->Q13,
CREO 1A,RAQUIS, estanteria ,R2-->Q13,
CREO 1B,RAQUIS, estanteria ,R2-->Q13,
CREO 1C,RAQUIS, estanteria ,R2-->Q13,
CREO 1D,RAQUIS, estanteria ,R1-->Q13,
CREO 1E,RAQUIS, estanteria ,R1-->Q13,
CREO 1F,RAQUIS, estanteria ,R1-->Q13,
DOBLA PLACA,RAQUIS, estanteria ,R0-->Q13,
ESCOPLOS DE COLUMNA 1,RAQUIS, estanteria ,R4-->Q13,
ESCOPLOS DE COLUMNA 2,RAQUIS, estanteria ,R4-->Q13,
ESCOPLOS DE COLUMNA 3,RAQUIS, estanteria ,R4-->Q13,
EVEREST 1A,RAQUIS, estanteria ,,
EVEREST 1B,RAQUIS, estanteria ,,
EVEREST 1C,RAQUIS, estanteria ,,
EVEREST 1D,RAQUIS, estanteria ,,
EVEREST 1E,RAQUIS, estanteria ,,
EXTRACCION SITEMA MESA,estanteria,S1-->Q13,
EXTRACCION  ISOLA,RAQUIS, estanteria R6-->Q13,
EXTRACCION DE SISTEMA,RAQUIS, estanteria ,,
EXTRACCION INCOMPASS Y CINTAS,RAQUIS, estanteria ,R6-->Q13,
EXTRACCION UNIVERSAL,RAQUIS, estanteria ,R1-->Q13,
HOLLYWOOD 1A,RAQUIS, estanteria ,S2-->Q13,
HOLLYWOOD 1C,RAQUIS, estanteria ,S1-->Q13,
HOLLYWOOD 1B,RAQUIS, estanteria ,S2-->Q13,
INCOMPAS 4 CINTAS,RAQUIS, estanteria ,,
INSTRUMENTAL DE COLUMNA 1,RAQUIS, estanteria ,R3-->Q13,
INSTRUMENTAL DE COLUMNA 2,RAQUIS, estanteria ,R3-->Q13,
INSTRUMENTAL DE COLUMNA 3,RAQUIS, estanteria ,R3-->Q13,
MALIBU 1C,RAQUIS, estanteria ,S4-->Q13,
MALIBU 1A,RAQUIS, estanteria ,S3-->Q13,
MALIBU 1B,RAQUIS, estanteria ,S3-->Q13,
MALIBU 1B VIEJO,RAQUIS, estanteria ,S3-->Q13,
MALIBU 1D,RAQUIS, estanteria ,S2-->Q13,
MOLINILLO DE HUESO,RAQUIS, estanteria ,R6-->Q13,
NAVIGATOR INTERSOMATICO 1A,RAQUIS, estanteria ,,
NAVIGATOR INTERSOMATICO 1B,RAQUIS, estanteria ,,
NETWORK 1A,RAQUIS, estanteria ,S5-->Q13,
NEWPORT 1B,RAQUIS, estanteria ,S5-->Q13,
NEWPORT 1C,RAQUIS, estanteria ,S5-->Q13,
SEPARADOR DE CUELLO-COLUMNA,RAQUIS, estanteria ,R0-->Q13,
SIERRA 1A,RAQUIS, estanteria ,,
SIERRA 1B,RAQUIS, estanteria ,,
,,,,
,,,,
ADVANTAGE 1A,TRAUMATOLOGIA, estanteria ,,
ADVANTAGE 1B,TRAUMATOLOGIA, estanteria ,,
BOTADORES,TRAUMATOLOGIA, estanteria ,,
CADERA 1,TRAUMATOLOGIA, estanteria ,,
CADERA 2,TRAUMATOLOGIA, estanteria ,,
CADERA CEMENTADA MORTIMER 1D,TRAUMATOLOGIA, estanteria ,,
CADERA DELTA 1A,TRAUMATOLOGIA, estanteria ,,
CADERA DELTA 1B,TRAUMATOLOGIA, estanteria ,,
CADERA DELTA 1C,TRAUMATOLOGIA, estanteria ,,
CERCLAJE DALE MILES 1,TRAUMATOLOGIA, estanteria ,,
CERCLAJE DALE MILES 2,TRAUMATOLOGIA, estanteria ,,
COMPLEMENTO DE PROTESIS 1,TRAUMATOLOGIA, estanteria ,,
COMPLEMENTO DE PROTESIS 2,TRAUMATOLOGIA, estanteria ,,
COMPLEMENTO PARCIAL DE PROTESIS 1,TRAUMATOLOGIA, estanteria ,,
COMPLEMENTO PARCIAL DE PROTESIS 2,TRAUMATOLOGIA, estanteria ,,
DOBLA PLACA,TRAUMATOLOGIA, estanteria ,,
ENDER,TRAUMATOLOGIA, estanteria ,,
EXTRACCION CEMENTO LINK,TRAUMATOLOGIA, estanteria ,,
EXTRACCION CEMENTO SYNTHES,TRAUMATOLOGIA, estanteria ,,
EXTRACCION DE HUESO          ,TRAUMATOLOGIA, estanteria ,,
EXTRACCIOON TORNILLOS ROTOS,TRAUMATOLOGIA, estanteria ,,
INSTRUMENTAL PARA NECROSIS DE CADERA,TRAUMATOLOGIA, estanteria ,,
KUNTSCHER,TRAUMATOLOGIA, estanteria ,,
MANO 1-4,TRAUMATOLOGIA, estanteria ,,
MOLINILLO DE HUESO,TRAUMATOLOGIA, estanteria ,,
OSTEOTOMOS,TRAUMATOLOGIA, estanteria ,,
TRAUMA PEQUEÑA 1-3,TRAUMATOLOGIA, estanteria ,,
TRAUMA GRANDE 4-6,TRAUMATOLOGIA, estanteria ,,
TRAUMA RODILLA,TRAUMATOLOGIA, estanteria ,,
CIZALLA Y BERBIQUI,TRAUMATOLOGIA, estanteria ,,
CALCANEO,TRAUMATOLOGIA, estanteria ,,
CERCLAJE DALL MILES 1,TRAUMATOLOGIA, estanteria ,,
CERCLAJE DALL MILES 2,TRAUMATOLOGIA, estanteria ,,
CLAVICULA,TRAUMATOLOGIA, estanteria ,,
CODO,TRAUMATOLOGIA, estanteria ,,
EVOS INSTRUMENTAL 1A,TRAUMATOLOGIA, estanteria ,,
EVOS INSTRUMENTAL 1B,TRAUMATOLOGIA, estanteria ,,
EVOS TORNILLOS Y PLACAS RECTAS 1C,TRAUMATOLOGIA, estanteria ,,
EVOS TOBILLO 2D,TRAUMATOLOGIA, estanteria ,,
EVOS PILON TIBIAL 1E,TRAUMATOLOGIA, estanteria ,,
EVOS MESETA TIBIAL 1F,TRAUMATOLOGIA, estanteria ,,
FOOTMOTION 1,TRAUMATOLOGIA, estanteria ,,
FOOTMOTION,TRAUMATOLOGIA, estanteria ,,
FOOTMOTION,TRAUMATOLOGIA, estanteria ,,
FOOTMOTION ARTRODESIS,TRAUMATOLOGIA, estanteria ,,
FOOTMOTION LARGO,TRAUMATOLOGIA, estanteria ,,
GRANDES FRAGMENTOS (TORNILLOS) 1A,TRAUMATOLOGIA, estanteria ,,
GRANDES FRAGMENTOS (PLACAS) 1B,TRAUMATOLOGIA, estanteria ,,
GRANDES FRAGMENTOS 1C,TRAUMATOLOGIA, estanteria ,,
GRAN DE FRAGMENTOS 1D,TRAUMATOLOGIA, estanteria ,,
LOQTEC PLACAS HÚMERO DISTAL LATERAL,TRAUMATOLOGIA, estanteria ,,
LOQTEC PLACAS HÚMERO MEDIAL Y DORSOLATERAL,TRAUMATOLOGIA, estanteria ,,
LOQTEC PLACAS HÚMERO MEDIAL Y DORSOLATERAL,TRAUMATOLOGIA, estanteria ,,
LOQTEC  TORNILLOS PEQUEÑOS FRAGMENTOS 1,TRAUMATOLOGIA, estanteria ,,
LOQTEC  TORNILLOS PEQUEÑOS FRAGMENTOS 1,TRAUMATOLOGIA, estanteria ,,
LOQTEC PLACAS RADIO DISTAL 1,TRAUMATOLOGIA, estanteria ,,
LOQTEC  PLACAS RADIO DISTAL 2,TRAUMATOLOGIA, estanteria ,,
MUÑECA EXPERT,TRAUMATOLOGIA, estanteria ,,
COMPLETO ORTHOFIX TUBULAR,TRAUMATOLOGIA, estanteria ,,
ORTHOFIX INSTRUMENTAL Y CUERPOS,TRAUMATOLOGIA, estanteria ,,
ORTHOFIX  IMPLANTES Y TORNILLOS,TRAUMATOLOGIA, estanteria ,,
ORTHOFIX  MUÑECA PININ,TRAUMATOLOGIA, estanteria ,,
ORTHOFIX  PÉLVICO,TRAUMATOLOGIA, estanteria ,,
PHILOSINSTRUMENTAL FILOS,TRAUMATOLOGIA, estanteria ,,
PLACAS PHILOS  LARGAS,TRAUMATOLOGIA, estanteria ,,
GUIA MIPO,TRAUMATOLOGIA, estanteria ,,
TORNILLOS CANULADOS DE 4MM,TRAUMATOLOGIA, estanteria ,,
TORNILLOS CANULADOS DE 7MM,TRAUMATOLOGIA, estanteria ,,
TORNILLOS DE TITANIO 1A,TRAUMATOLOGIA, estanteria ,,
TORNILLOS DE TITANIO 1B,TRAUMATOLOGIA, estanteria ,,
TORNILLO DE TITANIO 2A,TRAUMATOLOGIA, estanteria ,,
TORNILLOS DE TITANIO 2B,TRAUMATOLOGIA, estanteria ,,
TORNILLOS PEQUEÑOS FRAGMENTOS  ZIMMER/ACERO,TRAUMATOLOGIA, estanteria ,,
TORNILLOS Y ATORNILLAMIENTO NORMAL 1,TRAUMATOLOGIA, estanteria ,,
MINIFRACTURAS INTEOS,TRAUMATOLOGIA, estanteria ,,
GALAXY 1A,TRAUMATOLOGIA, estanteria ,,
GALAXY 1B,TRAUMATOLOGIA, estanteria ,,
CLAVO AFFIXUS 1A,TRAUMATOLOGIA, estanteria ,,
CLAVO AFFIXUS  B,TRAUMATOLOGIA, estanteria ,,
CLAVO AFFIXUS 2A,TRAUMATOLOGIA, estanteria ,,
CLAVO AFFIXUS 2B,TRAUMATOLOGIA, estanteria ,,
CLAVO AFFIXUS 2C,TRAUMATOLOGIA, estanteria ,,
CLAVO SYNTHES 1A,TRAUMATOLOGIA, estanteria ,,
CLAVO  SYNTHES (INSTRUMENTAL) 1B,TRAUMATOLOGIA, estanteria ,,
CLAVO GAMMA3 1,TRAUMATOLOGIA, estanteria ,,
CLAVO GAMMA3 2,TRAUMATOLOGIA, estanteria ,,
CLAVO GAMMA3 EXTRACTOR,TRAUMATOLOGIA, estanteria ,,
CLAVO GAMMA3  CLAVOS,TRAUMATOLOGIA, estanteria ,,
CLAVO GAMMA 3 FRESADO 1,TRAUMATOLOGIA, estanteria ,,
CLAVO GAMMA 3 FRESADO  2,TRAUMATOLOGIA, estanteria ,,
CLAVO TRIGEN METANAIL  BÁSICO 1B,TRAUMATOLOGIA, estanteria ,,
CLAVO TRIGEN RETRÓGRADO FEMUR/TIBIA 1C,TRAUMATOLOGIA, estanteria ,,
CLAVO TRIGEN METANAIL BÁSICO 2B,TRAUMATOLOGIA, estanteria ,,
CLAVO TRIGEN RETRÓGRADO FEMUR/TIBIA 2C,TRAUMATOLOGIA, estanteria ,,
CLAVO TRIGEN HUMERAL,TRAUMATOLOGIA, estanteria ,,
CLAVO TRIGEN SUPRACONDICULAR,TRAUMATOLOGIA, estanteria ,,
TRIGEN INTERTAN GOLD,TRAUMATOLOGIA, estanteria ,,
TRIGEN METATAN FEMUR,TRAUMATOLOGIA, estanteria ,,
CLAVO TRIGEN SURESHOT,TRAUMATOLOGIA, estanteria ,,
CLAVO VITUS 1A,TRAUMATOLOGIA, estanteria ,,
CLAVO VITUS 1B,TRAUMATOLOGIA, estanteria ,,
CLAVO VITUS 2,TRAUMATOLOGIA, estanteria ,,
EXTRACCIÓN DE CLAVOS,TRAUMATOLOGIA, estanteria ,,
EXTRACCIÓN CLAVO GAMMA,TRAUMATOLOGIA, estanteria ,,
ADVANTAGE 1 A,TRAUMATOLOGIA, estanteria ,,
ADVANTAGE 1 B,TRAUMATOLOGIA, estanteria ,,
COMPLEMENTO DE PROTESIS 1,TRAUMATOLOGIA, estanteria ,,
COMPLEMENTO DE PROTESIS 2,TRAUMATOLOGIA, estanteria ,,
COMPLEMENTO PARCIAL DE PROTESIS 1,TRAUMATOLOGIA, estanteria ,,
COMPLEMENTO PARCIAL DE PROTESIS 2,TRAUMATOLOGIA, estanteria ,,
PROTESIS PARCIAL DE CADERA BASIS  CÚPULAS (1 A),TRAUMATOLOGIA, estanteria ,,
PROTESIS BIHAPRO  NO CEMENTADA EXTRACCIÓN,TRAUMATOLOGIA, estanteria ,,
PROTESIS DE CADERA  BIHAPRO 1 A,TRAUMATOLOGIA, estanteria ,,
PROTESIS DE CADERA BIHAPRO 1 B,TRAUMATOLOGIA, estanteria ,,
PROTESIS DE CADERA  BIHAPRO 1 D,TRAUMATOLOGIA, estanteria ,,
PROTESIS DE CADERA  BIHAPRO 1E,TRAUMATOLOGIA, estanteria ,,
PROTESIS DE CADERA BIHAPRO 2 A,TRAUMATOLOGIA, estanteria ,,
PROTESIS DE CADERA  BIHAPRO 2 B,TRAUMATOLOGIA, estanteria ,,
PROTESIS DE CADERA  BIHAPRO 2 C,TRAUMATOLOGIA, estanteria ,,
PROTESIS DE CADERA  BIHAPRO 2 D,TRAUMATOLOGIA, estanteria ,,
PROTESIS DE CADERA  BIHAPRO 2 E,TRAUMATOLOGIA, estanteria ,,
PROTESIS DE CADERA EXPERSUS 1 A,TRAUMATOLOGIA, estanteria ,,
PROTESIS DE CADERA EXPERSUS 1 B,TRAUMATOLOGIA, estanteria ,,
PROTESIS DE CADERA EXPERSUS 1 C,TRAUMATOLOGIA, estanteria ,,
CADERA EXPERSUS 1 D,TRAUMATOLOGIA, estanteria ,,
CADERA EXPERSUS 1 E,TRAUMATOLOGIA, estanteria ,,
CADERA EXPERSUS 1 F,TRAUMATOLOGIA, estanteria ,,
PROTESIS TOTAL CADERA CEMENTADA VÁSTAGOS 1,TRAUMATOLOGIA, estanteria ,,
PROTESIS TOTAL CADERA CEMENTADA (CÚPULAS 2),TRAUMATOLOGIA, estanteria ,,
PROTESIS TOTAL CADERA CEMENTADA RASPAS 3,TRAUMATOLOGIA, estanteria ,,
PROTESIS CADERA ZIMMER 1 A,TRAUMATOLOGIA, estanteria ,,
PROTESIS CADERA ZIMMER CEMENTADA 1 B,TRAUMATOLOGIA, estanteria ,,
PROTESIS VERSYS 1 C,TRAUMATOLOGIA, estanteria ,,
PROTESIS CADERA 1 DE REVISIÓN NO CEMENTADA VÁSTAGOS LARGOS 1,TRAUMATOLOGIA, estanteria ,,
VÁSTAGOS 2 A,TRAUMATOLOGIA, estanteria ,,
VÁSTAGOS 2 B,TRAUMATOLOGIA, estanteria ,,
REVISIÓN CEMENTADA COTILOS 1,TRAUMATOLOGIA, estanteria ,,
VÁSTAGOS RASPAS 2,TRAUMATOLOGIA, estanteria ,,
PROTESIS PARCIAL CADERA EUROMED 1 A,TRAUMATOLOGIA, estanteria ,,
EUROMED 1 B,TRAUMATOLOGIA, estanteria ,,
EUROMED 2 A,TRAUMATOLOGIA, estanteria ,,
EUROMED 2 B,TRAUMATOLOGIA, estanteria ,,
PROTESIS TOTAL CADERA DELTA 1 A,TRAUMATOLOGIA, estanteria ,,
PROTESIS TOTAL CADERA DELTA 1 B,TRAUMATOLOGIA, estanteria ,,
DELTA 1 C,TRAUMATOLOGIA, estanteria ,,
PROTESIS TOTAL CADERA DELTA 2 A,TRAUMATOLOGIA, estanteria ,,
DELTA 2 B,TRAUMATOLOGIA, estanteria ,,
DELTA 2 C,TRAUMATOLOGIA, estanteria ,,
PROTESIS TOTAL CADERA DELTA DOBLE MOVILIDAD,TRAUMATOLOGIA, estanteria ,,
CADERA 1,TRAUMATOLOGIA, estanteria ,,
CADERA 2,TRAUMATOLOGIA, estanteria ,,
H-MAX 1,TRAUMATOLOGIA, estanteria ,,
H-MAX 2,TRAUMATOLOGIA, estanteria ,,
PROTESIS DE RODILLA LEGION PRIMARY 1.1,TRAUMATOLOGIA, estanteria ,,
LEGION 1.2,TRAUMATOLOGIA, estanteria ,,
LEGION 1.3,TRAUMATOLOGIA, estanteria ,,
LEGION 1.4,TRAUMATOLOGIA, estanteria ,,La caja tiene la tapa rota por que se cayo al suelo despues de salir disparada del tren no le dio a nadie pero la tapa quedo inservible
LEGION 1.5,TRAUMATOLOGIA, estanteria ,,
LEGION 1.6,TRAUMATOLOGIA, estanteria ,,
LEGION 1.7,TRAUMATOLOGIA, estanteria ,,
LEGION PRIMARY 2.1,TRAUMATOLOGIA, estanteria ,,
LEGION PRIMARY 2.2,TRAUMATOLOGIA, estanteria ,,
LEGION PRIMARY  3,TRAUMATOLOGIA, estanteria ,,
LEGION PRIMARY  2.4,TRAUMATOLOGIA, estanteria ,,
LEGION PRIMARY  2.5,TRAUMATOLOGIA, estanteria ,,
LEGION PRIMARY  2.6,TRAUMATOLOGIA, estanteria ,,
LEGION PRIMARY  2.7,TRAUMATOLOGIA, estanteria ,,
PROTESIS RODILLA TRIATLÓN (FEMUR TIBIA) 1 A,TRAUMATOLOGIA, estanteria ,,
PROTESIS RODILLA IMPACTORES 1 B,TRAUMATOLOGIA, estanteria ,,
CR (PRUEBAS) 1 C,TRAUMATOLOGIA, estanteria ,,
CR (MAXI-MINI) 1 D,TRAUMATOLOGIA, estanteria ,,
EST (MINI-MAXI) 1 E,TRAUMATOLOGIA, estanteria ,,
PS (PRUEBAS) 1 F,TRAUMATOLOGIA, estanteria ,,
(PATELLA/BARRA RODILLA) 1 G,TRAUMATOLOGIA, estanteria ,,
PROTESIS RODILLA TRIATLÓN (FEMUR TIBIA) 2 A,TRAUMATOLOGIA, estanteria ,,
(IMPACTORES) 2 B,TRAUMATOLOGIA, estanteria ,,
CR (PRUEBAS) 2 C,TRAUMATOLOGIA, estanteria ,,
CR (MAXI-MINI) 2 D,TRAUMATOLOGIA, estanteria ,,
ME (PC MINI-MAXI) 2 E,TRAUMATOLOGIA, estanteria ,,
PS (PRUEBAS) 2 F,TRAUMATOLOGIA, estanteria ,,
(PATELLA BARRA RODILLA) 2 G,TRAUMATOLOGIA, estanteria ,,
RECAMBIO PROTESIS RODILLA,TRAUMATOLOGIA, estanteria ,,
HUMELOCK 1 A,TRAUMATOLOGIA, estanteria ,,
HUMELOCK  1 B,TRAUMATOLOGIA, estanteria ,,
HUMELOCK  2 A,TRAUMATOLOGIA, estanteria ,,
HUMELOCK  2 B,TRAUMATOLOGIA, estanteria ,,
HOMBRO LINK 1 A,TRAUMATOLOGIA, estanteria ,,
HOMBRO LINK 1 B,TRAUMATOLOGIA, estanteria ,,
HOMBRO LINK 1 C,TRAUMATOLOGIA, estanteria ,,
HOMBRO LINK 1 D,TRAUMATOLOGIA, estanteria ,,
HOMBRO LINK 1 E,TRAUMATOLOGIA, estanteria ,,
HOMBRO LINK 1 F,TRAUMATOLOGIA, estanteria ,,
HOMBRO LINK 1 G,TRAUMATOLOGIA, estanteria ,,
HOMBRO LINK 2 A,TRAUMATOLOGIA, estanteria ,,
HOMBRO LINK 2 B,TRAUMATOLOGIA, estanteria ,,
HOMBRO LINK 2 C,TRAUMATOLOGIA, estanteria ,,
HOMBRO LINK 2 D,TRAUMATOLOGIA, estanteria ,,
HOMBRO LINK 2 E,TRAUMATOLOGIA, estanteria ,,
HOMBRO LINK 2 F,TRAUMATOLOGIA, estanteria ,,
HOMBRO LINK 2 G,TRAUMATOLOGIA, estanteria ,,
HOMBRO LINK 2 H,TRAUMATOLOGIA, estanteria ,,
GRAF MASTER,TRAUMATOLOGIA, estanteria ,,
HOMBRO 1,TRAUMATOLOGIA, estanteria ,,
HOMBRO 2,TRAUMATOLOGIA, estanteria ,,
INSTRUMENTAL DE HOMBRO 1,TRAUMATOLOGIA, estanteria ,,
INSTRUMENTAL DE HOMBRO 2,TRAUMATOLOGIA, estanteria ,,
LESIONES OSTEOCONDRALES,TRAUMATOLOGIA, estanteria ,,
LIGAMENTOPLASTIA,TRAUMATOLOGIA, estanteria ,,
MENISCO 1,TRAUMATOLOGIA, estanteria ,,
MENISCO 2,TRAUMATOLOGIA, estanteria ,,
MENISCO 3,TRAUMATOLOGIA, estanteria ,,
RODILLA,TRAUMATOLOGIA, estanteria ,,
SPYDERS,TRAUMATOLOGIA, estanteria ,,
TWIN BRIDGE ACROMIOCLAVICULAR,TRAUMATOLOGIA, estanteria ,,
MOTOR AESCULAP 1  ,TRAUMATOLOGIA, estanteria ,,
MOTOR A ESCULAPIO,TRAUMATOLOGIA, estanteria ,,
MOTOR AESCULAP 2 ,TRAUMATOLOGIA, estanteria ,,
MOTOR AESCULAP 1OSTEOSINTESIS,TRAUMATOLOGIA, estanteria ,,
MOTOR COLIBRI,TRAUMATOLOGIA, estanteria ,,
MOTOR DEL PIE 1,TRAUMATOLOGIA, estanteria ,,
MOTOR DEL PIE 2,TRAUMATOLOGIA, estanteria ,,
MOTOR HALL NUEVO,TRAUMATOLOGIA, estanteria ,,
MOTOR HALL SIERRAS OSCILANTES,TRAUMATOLOGIA, estanteria ,,
MOTOR PROTECTRAUMA,TRAUMATOLOGIA, estanteria ,,
MOTOR SOUTTER,TRAUMATOLOGIA, estanteria ,,
MOTOR SIENTES NUEVO,TRAUMATOLOGIA, estanteria ,,
MOTOR STRIKE 1,TRAUMATOLOGIA, estanteria ,,
MOTOR STRYKER 2,TRAUMATOLOGIA, estanteria ,,
MOTOR STRIKER 3,TRAUMATOLOGIA, estanteria ,,
MOTOR X SERIES 1,TRAUMATOLOGIA, estanteria ,,
MOTOR X SERIES 3,TRAUMATOLOGIA, estanteria ,,
MOTOR X SERIES 4,TRAUMATOLOGIA, estanteria ,,
MOTOR ZIMMER,TRAUMATOLOGIA, estanteria ,,
